"","Df","R.squared","Adj.R.squared","Testable","Component","Pvalue","STudy","TREATMENT"
"[a+b] = X1",1,0.0162011450054807,0.000333421537827117,TRUE,"[E|C+E:C]","0.314468553144686","Samples_STUDY001","CONTROL"
"[b+c] = X2",1,0.0543586015681574,0.039106320948289,TRUE,"[E:C+C|E]","0.0621937806219378","Samples_STUDY001","CONTROL"
"[a+b+c] = X1+X2",2,0.181149821333067,0.154302274491529,TRUE,"[E|C+E:C+C|E]","0.0025997400259974","Samples_STUDY001","CONTROL"
"[a] = X1|X2",1,NA,0.11519595354324,TRUE,"[E|C]","0.0031996800319968","Samples_STUDY001","CONTROL"
"[b]",0,NA,-0.114862532005413,FALSE,"[E:C]","NA","Samples_STUDY001","CONTROL"
"[c] = X2|X1",1,NA,0.153968852953702,TRUE,"[C|E]","0.0007999200079992","Samples_STUDY001","CONTROL"
"[d] = Residuals",NA,NA,0.845697725508471,FALSE,"Residuals","NA","Samples_STUDY001","CONTROL"
"[a+b] = X11",1,0.0619661687987924,0.0523943950110249,TRUE,"[E|C+E:C]","0.0131986801319868","Samples_002","CONTROL"
"[b+c] = X21",1,0.160578118485424,0.152012589082214,TRUE,"[E:C+C|E]","9.99900009999e-05","Samples_002","CONTROL"
"[a+b+c] = X1+X21",2,0.160585784075016,0.143278274468315,TRUE,"[E|C+E:C+C|E]","0.0002999700029997","Samples_002","CONTROL"
"[a] = X1|X21",1,NA,-0.00873431461389917,TRUE,"[E|C]","0.972202779722028","Samples_002","CONTROL"
"[b]1",0,NA,0.0611287096249241,FALSE,"[E:C]","NA","Samples_002","CONTROL"
"[c] = X2|X11",1,NA,0.0908838794572904,TRUE,"[C|E]","0.0007999200079992","Samples_002","CONTROL"
"[d] = Residuals1",NA,NA,0.856721725531685,FALSE,"Residuals","NA","Samples_002","CONTROL"
"[a+b] = X12",1,0.191613900791267,0.185921040937684,TRUE,"[E|C+E:C]","9.99900009999e-05","Samples_STUDY003","CONTROL"
"[b+c] = X22",1,0.112182270774818,0.105930033245063,TRUE,"[E:C+C|E]","0.0001999800019998","Samples_STUDY003","CONTROL"
"[a+b+c] = X1+X22",2,0.205741646075254,0.194475570133059,TRUE,"[E|C+E:C+C|E]","9.99900009999e-05","Samples_STUDY003","CONTROL"
"[a] = X1|X22",1,NA,0.0885455368879963,TRUE,"[E|C]","9.99900009999e-05","Samples_STUDY003","CONTROL"
"[b]2",0,NA,0.0973755040496876,FALSE,"[E:C]","NA","Samples_STUDY003","CONTROL"
"[c] = X2|X12",1,NA,0.00855452919537525,TRUE,"[C|E]","0.117388261173883","Samples_STUDY003","CONTROL"
"[d] = Residuals2",NA,NA,0.805524429866941,FALSE,"Residuals","NA","Samples_STUDY003","CONTROL"
"[a+b] = X13",1,0.23346800165877,0.230030638437509,TRUE,"[E|C+E:C]","9.99900009999e-05","Samples_STUDY004","CONTROL"
"[b+c] = X23",1,0.107581794951191,0.103579919592228,TRUE,"[E:C+C|E]","9.99900009999e-05","Samples_STUDY004","CONTROL"
"[a+b+c] = X1+X23",2,0.25400016044617,0.247279441170911,TRUE,"[E|C+E:C+C|E]","9.99900009999e-05","Samples_STUDY004","CONTROL"
"[a] = X1|X23",1,NA,0.143699521578683,TRUE,"[E|C]","9.99900009999e-05","Samples_STUDY004","CONTROL"
"[b]3",0,NA,0.0863311168588266,FALSE,"[E:C]","NA","Samples_STUDY004","CONTROL"
"[c] = X2|X13",1,NA,0.0172488027334012,TRUE,"[C|E]","0.0165983401659834","Samples_STUDY004","CONTROL"
"[d] = Residuals3",NA,NA,0.752720558829089,FALSE,"Residuals","NA","Samples_STUDY004","CONTROL"
"[a+b] = X14",1,0.0179913372771874,-0.0108912704499542,TRUE,"[E|C+E:C]","0.438256174382562","Samples_STUDY005","CONTROL"
"[b+c] = X24",1,0.0511688635506424,0.023262065419779,TRUE,"[E:C+C|E]","0.183281671832817","Samples_STUDY005","CONTROL"
"[a+b+c] = X1+X24",2,0.0630290024525794,0.00624288138909934,TRUE,"[E|C+E:C+C|E]","0.346965303469653","Samples_STUDY005","CONTROL"
"[a] = X1|X24",1,NA,-0.0170191840306797,TRUE,"[E|C]","0.522947705229477","Samples_STUDY005","CONTROL"
"[b]4",0,NA,0.00612791358072551,FALSE,"[E:C]","NA","Samples_STUDY005","CONTROL"
"[c] = X2|X14",1,NA,0.0171341518390535,TRUE,"[C|E]","0.214378562143786","Samples_STUDY005","CONTROL"
"[d] = Residuals4",NA,NA,0.993757118610901,FALSE,"Residuals","NA","Samples_STUDY005","CONTROL"
"[a+b] = X15",1,0.379494344593281,0.352515837836467,TRUE,"[E|C+E:C]","0.0015998400159984","Samples_STUDY006","CONTROL"
"[b+c] = X25",1,0.367423256126413,0.339919919436257,TRUE,"[E:C+C|E]","0.0006999300069993","Samples_STUDY006","CONTROL"
"[a+b+c] = X1+X25",2,0.518250124514343,0.474454681288374,TRUE,"[E|C+E:C+C|E]","0.0005999400059994","Samples_STUDY006","CONTROL"
"[a] = X1|X25",1,NA,0.134534761852117,TRUE,"[E|C]","0.0168983101689831","Samples_STUDY006","CONTROL"
"[b]5",0,NA,0.21798107598435,FALSE,"[E:C]","NA","Samples_STUDY006","CONTROL"
"[c] = X2|X15",1,NA,0.121938843451907,TRUE,"[C|E]","0.0206979302069793","Samples_STUDY006","CONTROL"
"[d] = Residuals5",NA,NA,0.525545318711626,FALSE,"Residuals","NA","Samples_STUDY006","CONTROL"
"[a+b] = X16",1,0.148238440281059,0.139546995794131,TRUE,"[E|C+E:C]","0.0003999600039996","Samples_009_azacytidine","CONTROL"
"[b+c] = X26",1,0.19118008276299,0.182926818301388,TRUE,"[E:C+C|E]","9.99900009999e-05","Samples_009_azacytidine","CONTROL"
"[a+b+c] = X1+X26",2,0.194800477303002,0.178198425288631,TRUE,"[E|C+E:C+C|E]","0.0002999700029997","Samples_009_azacytidine","CONTROL"
"[a] = X1|X26",1,NA,-0.00472839301275707,TRUE,"[E|C]","0.512048795120488","Samples_009_azacytidine","CONTROL"
"[b]6",0,NA,0.144275388806888,FALSE,"[E:C]","NA","Samples_009_azacytidine","CONTROL"
"[c] = X2|X16",1,NA,0.0386514294945,TRUE,"[C|E]","0.0221977802219778","Samples_009_azacytidine","CONTROL"
"[d] = Residuals6",NA,NA,0.821801574711369,FALSE,"Residuals","NA","Samples_009_azacytidine","CONTROL"
"[a+b] = X17",1,0.0942962750131152,0.0866853193409566,TRUE,"[E|C+E:C]","0.0007999200079992","Samples_009_herbivory","CONTROL"
"[b+c] = X27",1,0.132847301892762,0.125560304429676,TRUE,"[E:C+C|E]","9.99900009999e-05","Samples_009_herbivory","CONTROL"
"[a+b+c] = X1+X27",2,0.13343844500234,0.118750961019328,TRUE,"[E|C+E:C+C|E]","0.0002999700029997","Samples_009_herbivory","CONTROL"
"[a] = X1|X27",1,NA,-0.00680934341034722,TRUE,"[E|C]","0.780721927807219","Samples_009_herbivory","CONTROL"
"[b]7",0,NA,0.0934946627513038,FALSE,"[E:C]","NA","Samples_009_herbivory","CONTROL"
"[c] = X2|X17",1,NA,0.0320656416783719,TRUE,"[C|E]","0.0251974802519748","Samples_009_herbivory","CONTROL"
"[d] = Residuals7",NA,NA,0.881249038980672,FALSE,"Residuals","NA","Samples_009_herbivory","CONTROL"
"[a+b] = X18",1,0.366497286588074,0.347864853840664,TRUE,"[E|C+E:C]","0.0003999600039996","Samples_010","CONTROL"
"[b+c] = X28",1,0.665105105661954,0.655255255828482,TRUE,"[E:C+C|E]","9.99900009999e-05","Samples_010","CONTROL"
"[a+b+c] = X1+X28",2,0.665144239999005,0.644849951514096,TRUE,"[E|C+E:C+C|E]","9.99900009999e-05","Samples_010","CONTROL"
"[a] = X1|X28",1,NA,-0.0104053043143861,TRUE,"[E|C]","0.953804619538046","Samples_010","CONTROL"
"[b]8",0,NA,0.35827015815505,FALSE,"[E:C]","NA","Samples_010","CONTROL"
"[c] = X2|X18",1,NA,0.296985097673431,TRUE,"[C|E]","9.99900009999e-05","Samples_010","CONTROL"
"[d] = Residuals8",NA,NA,0.355150048485904,FALSE,"Residuals","NA","Samples_010","CONTROL"
"[a+b] = X19",1,0.0426510374588525,0.0423343490822263,TRUE,"[E|C+E:C]","9.99900009999e-05","Samples_011","CONTROL"
"[b+c] = X29",1,0.0083482239141248,0.00802018826209516,TRUE,"[E:C+C|E]","9.99900009999e-05","Samples_011","CONTROL"
"[a+b+c] = X1+X29",2,0.0432009734743968,0.0425677510875498,TRUE,"[E|C+E:C+C|E]","9.99900009999e-05","Samples_011","CONTROL"
"[a] = X1|X29",1,NA,0.0345475628254547,TRUE,"[E|C]","9.99900009999e-05","Samples_011","CONTROL"
"[b]9",0,NA,0.00778678625677165,FALSE,"[E:C]","NA","Samples_011","CONTROL"
"[c] = X2|X19",1,NA,0.000233402005323513,TRUE,"[C|E]","0.187781221877812","Samples_011","CONTROL"
"[d] = Residuals9",NA,NA,0.95743224891245,FALSE,"Residuals","NA","Samples_011","CONTROL"
"[a+b] = X110",1,0.531429441868846,0.511056808906622,TRUE,"[E|C+E:C]","0.0001999800019998","Samples_012","CONTROL"
"[b+c] = X210",1,0.166812607502889,0.130587068698667,TRUE,"[E:C+C|E]","0.0393960603939606","Samples_012","CONTROL"
"[a+b+c] = X1+X210",2,0.55598153174126,0.515616216445011,TRUE,"[E|C+E:C+C|E]","0.0001999800019998","Samples_012","CONTROL"
"[a] = X1|X210",1,NA,0.385029147746344,TRUE,"[E|C]","0.0002999700029997","Samples_012","CONTROL"
"[b]10",0,NA,0.126027661160277,FALSE,"[E:C]","NA","Samples_012","CONTROL"
"[c] = X2|X110",1,NA,0.00455940753838946,TRUE,"[C|E]","0.282271772822718","Samples_012","CONTROL"
"[d] = Residuals10",NA,NA,0.484383783554989,FALSE,"Residuals","NA","Samples_012","CONTROL"
"[a+b] = X111",1,0.0447025572427732,0.0404187122079874,TRUE,"[E|C+E:C]","0.0013998600139986","Samples_013","CONTROL"
"[b+c] = X211",1,0.00651481654825669,0.00205972603950444,TRUE,"[E:C+C|E]","0.230976902309769","Samples_013","CONTROL"
"[a+b+c] = X1+X211",2,0.0514546833172469,0.0429092300137986,TRUE,"[E|C+E:C+C|E]","0.0027997200279972","Samples_013","CONTROL"
"[a] = X1|X211",1,NA,0.0408495039742942,TRUE,"[E|C]","0.0016998300169983","Samples_013","CONTROL"
"[b]11",0,NA,-0.000430791766306782,FALSE,"[E:C]","NA","Samples_013","CONTROL"
"[c] = X2|X111",1,NA,0.00249051780581122,TRUE,"[C|E]","0.20997900209979","Samples_013","CONTROL"
"[d] = Residuals11",NA,NA,0.957090769986201,FALSE,"Residuals","NA","Samples_013","CONTROL"
"[a+b] = X112",1,0.000177516962405727,-0.00580944401386718,TRUE,"[E|C+E:C]","0.860713928607139","Samples_014_A","CONTROL"
"[b+c] = X212",1,0.00497557109752403,-0.000982659015664522,TRUE,"[E:C+C|E]","0.366163383661634","Samples_014_A","CONTROL"
"[a+b+c] = X1+X212",2,0.00931410141505537,-0.00262187326669094,TRUE,"[E|C+E:C+C|E]","0.457854214578542","Samples_014_A","CONTROL"
"[a] = X1|X212",1,NA,-0.00163921425102642,TRUE,"[E|C]","0.386661333866613","Samples_014_A","CONTROL"
"[b]12",0,NA,-0.00417022976284076,FALSE,"[E:C]","NA","Samples_014_A","CONTROL"
"[c] = X2|X112",1,NA,0.00318757074717624,TRUE,"[C|E]","0.219178082191781","Samples_014_A","CONTROL"
"[d] = Residuals12",NA,NA,1.00262187326669,FALSE,"Residuals","NA","Samples_014_A","CONTROL"
"[a+b] = X113",1,0.0344967759411439,0.0311326532092314,TRUE,"[E|C+E:C]","0.0015998400159984","Samples_014_B","CONTROL"
"[b+c] = X213",1,0.137149751440517,0.134143304581425,TRUE,"[E:C+C|E]","9.99900009999e-05","Samples_014_B","CONTROL"
"[a+b+c] = X1+X213",2,0.144343980910835,0.138360372385736,TRUE,"[E|C+E:C+C|E]","9.99900009999e-05","Samples_014_B","CONTROL"
"[a] = X1|X213",1,NA,0.0042170678043113,TRUE,"[E|C]","0.122687731226877","Samples_014_B","CONTROL"
"[b]13",0,NA,0.0269155854049201,FALSE,"[E:C]","NA","Samples_014_B","CONTROL"
"[c] = X2|X113",1,NA,0.107227719176505,TRUE,"[C|E]","9.99900009999e-05","Samples_014_B","CONTROL"
"[d] = Residuals13",NA,NA,0.861639627614264,FALSE,"Residuals","NA","Samples_014_B","CONTROL"
"[a+b] = X114",1,0.0527778998574789,0.0494774744214421,TRUE,"[E|C+E:C]","0.0004999500049995","Samples_014_C","CONTROL"
"[b+c] = X214",1,0.0134947496774264,0.0100574491536546,TRUE,"[E:C+C|E]","0.0464953504649535","Samples_014_C","CONTROL"
"[a+b+c] = X1+X214",2,0.0547291921664796,0.0481189067970145,TRUE,"[E|C+E:C+C|E]","0.0005999400059994","Samples_014_C","CONTROL"
"[a] = X1|X214",1,NA,0.0380614576433599,TRUE,"[E|C]","0.0004999500049995","Samples_014_C","CONTROL"
"[b]14",0,NA,0.0114160167780822,FALSE,"[E:C]","NA","Samples_014_C","CONTROL"
"[c] = X2|X114",1,NA,-0.00135856762442765,TRUE,"[C|E]","0.447755224477552","Samples_014_C","CONTROL"
"[d] = Residuals14",NA,NA,0.951881093202986,FALSE,"Residuals","NA","Samples_014_C","CONTROL"
"[a+b] = X115",1,0.10824413614457,0.100750389389483,TRUE,"[E|C+E:C]","0.0001999800019998","Samples_015","CONTROL"
"[b+c] = X215",1,0.0283798410669182,0.0202149657817662,TRUE,"[E:C+C|E]","0.0652934706529347","Samples_015","CONTROL"
"[a+b+c] = X1+X215",2,0.113703204712683,0.0986812251315425,TRUE,"[E|C+E:C+C|E]","0.0012998700129987","Samples_015","CONTROL"
"[a] = X1|X215",1,NA,0.0784662593497764,TRUE,"[E|C]","0.0006999300069993","Samples_015","CONTROL"
"[b]15",0,NA,0.0222841300397062,FALSE,"[E:C]","NA","Samples_015","CONTROL"
"[c] = X2|X115",1,NA,-0.00206916425794001,TRUE,"[C|E]","0.398060193980602","Samples_015","CONTROL"
"[d] = Residuals15",NA,NA,0.901318774868457,FALSE,"Residuals","NA","Samples_015","CONTROL"
"[a+b] = X116",1,0.0588713191995053,0.0509626748230305,TRUE,"[E|C+E:C]","0.006999300069993","Samples_016_2","CONTROL"
"[b+c] = X216",1,0.115448023797437,0.108014813913382,TRUE,"[E:C+C|E]","9.99900009999e-05","Samples_016_2","CONTROL"
"[a+b+c] = X1+X216",2,0.118344639108632,0.103401327907084,TRUE,"[E|C+E:C+C|E]","0.0008999100089991","Samples_016_2","CONTROL"
"[a] = X1|X216",1,NA,-0.00461348600629841,TRUE,"[E|C]","0.538446155384462","Samples_016_2","CONTROL"
"[b]16",0,NA,0.0555761608293289,FALSE,"[E:C]","NA","Samples_016_2","CONTROL"
"[c] = X2|X116",1,NA,0.0524386530840532,TRUE,"[C|E]","0.0046995300469953","Samples_016_2","CONTROL"
"[d] = Residuals16",NA,NA,0.896598672092916,FALSE,"Residuals","NA","Samples_016_2","CONTROL"
"[a+b] = X117",1,0.0364302229363964,0.0208887749192416,TRUE,"[E|C+E:C]","0.131586841315868","Samples_017","CONTROL"
"[b+c] = X217",1,0.10918251313794,0.0948144891562943,TRUE,"[E:C+C|E]","0.0070992900709929","Samples_017","CONTROL"
"[a+b+c] = X1+X217",2,0.126388457202858,0.0977454557996725,TRUE,"[E|C+E:C+C|E]","0.0140985901409859","Samples_017","CONTROL"
"[a] = X1|X217",1,NA,0.00293096664337822,TRUE,"[E|C]","0.281171882811719","Samples_017","CONTROL"
"[b]17",0,NA,0.0179578082758634,FALSE,"[E:C]","NA","Samples_017","CONTROL"
"[c] = X2|X117",1,NA,0.076856680880431,TRUE,"[C|E]","0.0125987401259874","Samples_017","CONTROL"
"[d] = Residuals17",NA,NA,0.902254544200327,FALSE,"Residuals","NA","Samples_017","CONTROL"
"[a+b] = X118",1,0.0127896095234384,0.00687817005950697,TRUE,"[E|C+E:C]","0.144085591440856","Samples_018","CONTROL"
"[b+c] = X218",1,0.0292917373480278,0.0234791130207704,TRUE,"[E:C+C|E]","0.0264973502649735","Samples_018","CONTROL"
"[a+b+c] = X1+X218",2,0.0303439127683306,0.0186613093077082,TRUE,"[E|C+E:C+C|E]","0.0784921507849215","Samples_018","CONTROL"
"[a] = X1|X218",1,NA,-0.00481780371306229,TRUE,"[E|C]","0.675932406759324","Samples_018","CONTROL"
"[b]18",0,NA,0.0116959737725693,FALSE,"[E:C]","NA","Samples_018","CONTROL"
"[c] = X2|X118",1,NA,0.0117831392482012,TRUE,"[C|E]","0.0840915908409159","Samples_018","CONTROL"
"[d] = Residuals18",NA,NA,0.981338690692292,FALSE,"Residuals","NA","Samples_018","CONTROL"
"[a+b] = X119",1,0.17978351734314,0.172890941858629,TRUE,"[E|C+E:C]","9.99900009999e-05","Samples_019","CONTROL"
"[b+c] = X219",1,0.199254590700724,0.192525637681402,TRUE,"[E:C+C|E]","9.99900009999e-05","Samples_019","CONTROL"
"[a+b+c] = X1+X219",2,0.209208320845251,0.195805072046018,TRUE,"[E|C+E:C+C|E]","9.99900009999e-05","Samples_019","CONTROL"
"[a] = X1|X219",1,NA,0.00327943436461597,TRUE,"[E|C]","0.225177482251775","Samples_019","CONTROL"
"[b]19",0,NA,0.169611507494013,FALSE,"[E:C]","NA","Samples_019","CONTROL"
"[c] = X2|X119",1,NA,0.0229141301873896,TRUE,"[C|E]","0.0383961603839616","Samples_019","CONTROL"
"[d] = Residuals19",NA,NA,0.804194927953982,FALSE,"Residuals","NA","Samples_019","CONTROL"
"[a+b] = X120",1,0.0820229025674597,0.0672168203508058,TRUE,"[E|C+E:C]","0.0210978902109789","Samples_020","CONTROL"
"[b+c] = X220",1,0.134871245456081,0.120917555866663,TRUE,"[E:C+C|E]","0.0030996900309969","Samples_020","CONTROL"
"[a+b+c] = X1+X220",2,0.137895256351741,0.109629527051798,TRUE,"[E|C+E:C+C|E]","0.0110988901109889","Samples_020","CONTROL"
"[a] = X1|X220",1,NA,-0.0112880288148649,TRUE,"[E|C]","0.643735626437356","Samples_020","CONTROL"
"[b]20",0,NA,0.0785048491656707,FALSE,"[E:C]","NA","Samples_020","CONTROL"
"[c] = X2|X120",1,NA,0.0424127067009924,TRUE,"[C|E]","0.0521947805219478","Samples_020","CONTROL"
"[d] = Residuals20",NA,NA,0.890370472948202,FALSE,"Residuals","NA","Samples_020","CONTROL"
"[a+b] = X121",1,0.205588815668115,0.204974896669404,TRUE,"[E|C+E:C]","9.99900009999e-05","Samples_022","CONTROL"
"[b+c] = X221",1,0.134100029877181,0.133430864521599,TRUE,"[E:C+C|E]","9.99900009999e-05","Samples_022","CONTROL"
"[a+b+c] = X1+X221",2,0.213999051149662,0.212783272419809,TRUE,"[E|C+E:C+C|E]","9.99900009999e-05","Samples_022","CONTROL"
"[a] = X1|X221",1,NA,0.0793524078982101,TRUE,"[E|C]","9.99900009999e-05","Samples_022","CONTROL"
"[b]21",0,NA,0.125622488771194,FALSE,"[E:C]","NA","Samples_022","CONTROL"
"[c] = X2|X121",1,NA,0.00780837575040449,TRUE,"[C|E]","0.0005999400059994","Samples_022","CONTROL"
"[d] = Residuals21",NA,NA,0.787216727580191,FALSE,"Residuals","NA","Samples_022","CONTROL"
"[a+b] = X122",1,0.0791203113811781,0.0773729115925276,TRUE,"[E|C+E:C]","9.99900009999e-05","Samples_023","CONTROL"
"[b+c] = X222",1,0.0257900222738632,0.0239414264907015,TRUE,"[E:C+C|E]","9.99900009999e-05","Samples_023","CONTROL"
"[a+b+c] = X1+X222",2,0.0791211665445522,0.0756197261131626,TRUE,"[E|C+E:C+C|E]","9.99900009999e-05","Samples_023","CONTROL"
"[a] = X1|X222",1,NA,0.0516782996224611,TRUE,"[E|C]","9.99900009999e-05","Samples_023","CONTROL"
"[b]22",0,NA,0.0256946119700665,FALSE,"[E:C]","NA","Samples_023","CONTROL"
"[c] = X2|X122",1,NA,-0.00175318547936498,TRUE,"[C|E]","0.981601839816018","Samples_023","CONTROL"
"[d] = Residuals22",NA,NA,0.924380273886837,FALSE,"Residuals","NA","Samples_023","CONTROL"
"[a+b] = X123",1,0.0428757539834991,0.0413394389818675,TRUE,"[E|C+E:C]","9.99900009999e-05","Samples_024","CONTROL"
"[b+c] = X223",1,0.094051224512437,0.0925970531232113,TRUE,"[E:C+C|E]","9.99900009999e-05","Samples_024","CONTROL"
"[a+b+c] = X1+X223",2,0.0940907769438976,0.0911778855514341,TRUE,"[E|C+E:C+C|E]","9.99900009999e-05","Samples_024","CONTROL"
"[a] = X1|X223",1,NA,-0.00141916757177718,TRUE,"[E|C]","0.87021297870213","Samples_024","CONTROL"
"[b]23",0,NA,0.0427586065536447,FALSE,"[E:C]","NA","Samples_024","CONTROL"
"[c] = X2|X123",1,NA,0.0498384465695666,TRUE,"[C|E]","9.99900009999e-05","Samples_024","CONTROL"
"[d] = Residuals23",NA,NA,0.908822114448566,FALSE,"Residuals","NA","Samples_024","CONTROL"
"[a+b] = X124",1,0.134786052742115,0.13339726630992,TRUE,"[E|C+E:C]","9.99900009999e-05","Samples_025","CONTROL"
"[b+c] = X224",1,0.124465780710334,0.123060428833465,TRUE,"[E:C+C|E]","9.99900009999e-05","Samples_025","CONTROL"
"[a+b+c] = X1+X224",2,0.155599795951056,0.152884682754757,TRUE,"[E|C+E:C+C|E]","9.99900009999e-05","Samples_025","CONTROL"
"[a] = X1|X224",1,NA,0.0298242539212918,TRUE,"[E|C]","9.99900009999e-05","Samples_025","CONTROL"
"[b]24",0,NA,0.103573012388628,FALSE,"[E:C]","NA","Samples_025","CONTROL"
"[c] = X2|X124",1,NA,0.0194874164448371,TRUE,"[C|E]","0.0001999800019998","Samples_025","CONTROL"
"[d] = Residuals24",NA,NA,0.847115317245243,FALSE,"Residuals","NA","Samples_025","CONTROL"
"[a+b] = X125",1,0.0219755940181173,0.00620100682486113,TRUE,"[E|C+E:C]","0.239276072392761","Samples_STUDY001","BIOTIC"
"[b+c] = X225",1,0.0161346808845987,0.000265885414995504,TRUE,"[E:C+C|E]","0.318768123187681","Samples_STUDY001","BIOTIC"
"[a+b+c] = X1+X225",2,0.0240756797709234,-0.00792183892511189,TRUE,"[E|C+E:C+C|E]","0.46995300469953","Samples_STUDY001","BIOTIC"
"[a] = X1|X225",1,NA,-0.00818772434010739,TRUE,"[E|C]","0.482251774822518","Samples_STUDY001","BIOTIC"
"[b]25",0,NA,0.0143887311649685,FALSE,"[E:C]","NA","Samples_STUDY001","BIOTIC"
"[c] = X2|X125",1,NA,-0.014122845749973,TRUE,"[C|E]","0.72002799720028","Samples_STUDY001","BIOTIC"
"[d] = Residuals25",NA,NA,1.00792183892511,FALSE,"Residuals","NA","Samples_STUDY001","BIOTIC"
"[a+b] = X126",1,0.149795405558728,0.141119848472592,TRUE,"[E|C+E:C]","0.0001999800019998","Samples_002","BIOTIC"
"[b+c] = X226",1,0.277654189908127,0.270283314294945,TRUE,"[E:C+C|E]","9.99900009999e-05","Samples_002","BIOTIC"
"[a+b+c] = X1+X226",2,0.283960653541858,0.269196955676742,TRUE,"[E|C+E:C+C|E]","9.99900009999e-05","Samples_002","BIOTIC"
"[a] = X1|X226",1,NA,-0.00108635861820272,TRUE,"[E|C]","0.34986501349865","Samples_002","BIOTIC"
"[b]26",0,NA,0.142206207090795,FALSE,"[E:C]","NA","Samples_002","BIOTIC"
"[c] = X2|X126",1,NA,0.12807710720415,TRUE,"[C|E]","9.99900009999e-05","Samples_002","BIOTIC"
"[d] = Residuals26",NA,NA,0.730803044323258,FALSE,"Residuals","NA","Samples_002","BIOTIC"
"[a+b] = X127",1,0.159484381193775,0.152421224733218,TRUE,"[E|C+E:C]","9.99900009999e-05","Samples_009_herbivory","BIOTIC"
"[b+c] = X227",1,0.154391256710273,0.147285300884309,TRUE,"[E:C+C|E]","9.99900009999e-05","Samples_009_herbivory","BIOTIC"
"[a+b+c] = X1+X227",2,0.174205427915791,0.160208909744872,TRUE,"[E|C+E:C+C|E]","0.0001999800019998","Samples_009_herbivory","BIOTIC"
"[a] = X1|X227",1,NA,0.0129236088605623,TRUE,"[E|C]","0.0943905609439056","Samples_009_herbivory","BIOTIC"
"[b]27",0,NA,0.139497615872656,FALSE,"[E:C]","NA","Samples_009_herbivory","BIOTIC"
"[c] = X2|X127",1,NA,0.00778768501165339,TRUE,"[C|E]","0.148185181481852","Samples_009_herbivory","BIOTIC"
"[d] = Residuals27",NA,NA,0.839791090255128,FALSE,"Residuals","NA","Samples_009_herbivory","BIOTIC"
"[a+b] = X128",1,0.00606462983191589,-0.03714995147974,TRUE,"[E|C+E:C]","0.712628737126287","Samples_012","BIOTIC"
"[b+c] = X228",1,0.125083200125462,0.0870433392613515,TRUE,"[E:C+C|E]","0.0878912108789121","Samples_012","BIOTIC"
"[a+b+c] = X1+X228",2,0.127879717530685,0.0485960554880205,TRUE,"[E|C+E:C+C|E]","0.221677832216778","Samples_012","BIOTIC"
"[a] = X1|X228",1,NA,-0.0384472837733311,TRUE,"[E|C]","0.798020197980202","Samples_012","BIOTIC"
"[b]28",0,NA,0.00129733229359108,FALSE,"[E:C]","NA","Samples_012","BIOTIC"
"[c] = X2|X128",1,NA,0.0857460069677605,TRUE,"[C|E]","0.0898910108989101","Samples_012","BIOTIC"
"[d] = Residuals28",NA,NA,0.95140394451198,FALSE,"Residuals","NA","Samples_012","BIOTIC"
"[a+b] = X129",1,0.0617514877793363,0.0561332332151407,TRUE,"[E|C+E:C]","0.0011998800119988","Samples_014_A","BIOTIC"
"[b+c] = X229",1,0.0587644526602944,0.0531283116582603,TRUE,"[E:C+C|E]","0.0017998200179982","Samples_014_A","BIOTIC"
"[a+b+c] = X1+X229",2,0.0678976149485884,0.0566674657311015,TRUE,"[E|C+E:C+C|E]","0.0028997100289971","Samples_014_A","BIOTIC"
"[a] = X1|X229",1,NA,0.00353915407284122,TRUE,"[E|C]","0.211678832116788","Samples_014_A","BIOTIC"
"[b]29",0,NA,0.0525940791422995,FALSE,"[E:C]","NA","Samples_014_A","BIOTIC"
"[c] = X2|X129",1,NA,0.000534232515960742,TRUE,"[C|E]","0.292270772922708","Samples_014_A","BIOTIC"
"[d] = Residuals29",NA,NA,0.943332534268899,FALSE,"Residuals","NA","Samples_014_A","BIOTIC"
"[a+b] = X130",1,0.00551286907967011,0.00242439972898589,TRUE,"[E|C+E:C]","0.183781621837816","Samples_014_B","BIOTIC"
"[b+c] = X230",1,2.56866327592287e-05,-0.00307982365720116,TRUE,"[E:C+C|E]","0.932806719328067","Samples_014_B","BIOTIC"
"[a+b+c] = X1+X230",2,0.00931098459614823,0.00313846736621759,TRUE,"[E|C+E:C+C|E]","0.217478252174783","Samples_014_B","BIOTIC"
"[a] = X1|X230",1,NA,0.00621829102341875,TRUE,"[E|C]","0.0841915808419158","Samples_014_B","BIOTIC"
"[b]30",0,NA,-0.00379389129443286,FALSE,"[E:C]","NA","Samples_014_B","BIOTIC"
"[c] = X2|X130",1,NA,0.000714067637231697,TRUE,"[C|E]","0.268073192680732","Samples_014_B","BIOTIC"
"[d] = Residuals30",NA,NA,0.996861532633782,FALSE,"Residuals","NA","Samples_014_B","BIOTIC"
"[a+b] = X131",1,0.0683116201736037,0.0650653191985988,TRUE,"[E|C+E:C]","9.99900009999e-05","Samples_014_C","BIOTIC"
"[b+c] = X231",1,0.0132198952897429,0.00978163708517743,TRUE,"[E:C+C|E]","0.0534946505349465","Samples_014_C","BIOTIC"
"[a+b+c] = X1+X231",2,0.0736268929428852,0.0671487593271013,TRUE,"[E|C+E:C+C|E]","0.0001999800019998","Samples_014_C","BIOTIC"
"[a] = X1|X231",1,NA,0.0573671222419239,TRUE,"[E|C]","9.99900009999e-05","Samples_014_C","BIOTIC"
"[b]31",0,NA,0.00769819695667495,FALSE,"[E:C]","NA","Samples_014_C","BIOTIC"
"[c] = X2|X131",1,NA,0.00208344012850248,TRUE,"[C|E]","0.196680331966803","Samples_014_C","BIOTIC"
"[d] = Residuals31",NA,NA,0.932851240672899,FALSE,"Residuals","NA","Samples_014_C","BIOTIC"
"[a+b] = X132",1,0.419335429709666,0.414455895505545,TRUE,"[E|C+E:C]","9.99900009999e-05","Samples_015","BIOTIC"
"[b+c] = X232",1,0.0958749420846336,0.0882772525223195,TRUE,"[E:C+C|E]","0.0002999700029997","Samples_015","BIOTIC"
"[a+b+c] = X1+X232",2,0.434327825813776,0.424740161844518,TRUE,"[E|C+E:C+C|E]","9.99900009999e-05","Samples_015","BIOTIC"
"[a] = X1|X232",1,NA,0.336462909322199,TRUE,"[E|C]","9.99900009999e-05","Samples_015","BIOTIC"
"[b]32",0,NA,0.0779929861833465,FALSE,"[E:C]","NA","Samples_015","BIOTIC"
"[c] = X2|X132",1,NA,0.0102842663389731,TRUE,"[C|E]","0.0785921407859214","Samples_015","BIOTIC"
"[d] = Residuals32",NA,NA,0.575259838155482,FALSE,"Residuals","NA","Samples_015","BIOTIC"
"[a+b] = X133",1,0.0599641056669298,0.0543351482158335,TRUE,"[E|C+E:C]","0.000999900009999","Samples_016_2","BIOTIC"
"[b+c] = X233",1,0.114536481746281,0.109234304990271,TRUE,"[E:C+C|E]","9.99900009999e-05","Samples_016_2","BIOTIC"
"[a+b+c] = X1+X233",2,0.11703520235724,0.106397072265159,TRUE,"[E|C+E:C+C|E]","0.0002999700029997","Samples_016_2","BIOTIC"
"[a] = X1|X233",1,NA,-0.00283723272511238,TRUE,"[E|C]","0.49015098490151","Samples_016_2","BIOTIC"
"[b]33",0,NA,0.0571723809409459,FALSE,"[E:C]","NA","Samples_016_2","BIOTIC"
"[c] = X2|X133",1,NA,0.0520619240493251,TRUE,"[C|E]","0.0010998900109989","Samples_016_2","BIOTIC"
"[d] = Residuals33",NA,NA,0.893602927734841,FALSE,"Residuals","NA","Samples_016_2","BIOTIC"
"[a+b] = X134",1,0.111811912725283,0.106493421184716,TRUE,"[E|C+E:C]","9.99900009999e-05","Samples_018","BIOTIC"
"[b+c] = X234",1,0.0637435382839687,0.0581372121659086,TRUE,"[E:C+C|E]","0.0010998900109989","Samples_018","BIOTIC"
"[a+b+c] = X1+X234",2,0.121748429013816,0.111167084785067,TRUE,"[E|C+E:C+C|E]","9.99900009999e-05","Samples_018","BIOTIC"
"[a] = X1|X234",1,NA,0.0530298726191584,TRUE,"[E|C]","0.0017998200179982","Samples_018","BIOTIC"
"[b]34",0,NA,0.0534635485655572,FALSE,"[E:C]","NA","Samples_018","BIOTIC"
"[c] = X2|X134",1,NA,0.00467366360035137,TRUE,"[C|E]","0.18008199180082","Samples_018","BIOTIC"
"[d] = Residuals34",NA,NA,0.888832915214933,FALSE,"Residuals","NA","Samples_018","BIOTIC"
"[a+b] = X135",1,0.00484951767618605,-0.00351309141897205,TRUE,"[E|C+E:C]","0.447255274472553","Samples_019","BIOTIC"
"[b+c] = X235",1,0.00451335673623343,-0.00385207724077286,TRUE,"[E:C+C|E]","0.46985301469853","Samples_019","BIOTIC"
"[a+b+c] = X1+X235",2,0.00490985686784319,-0.0119560777615155,TRUE,"[E|C+E:C+C|E]","0.741025897410259","Samples_019","BIOTIC"
"[a] = X1|X235",1,NA,-0.00810400052074267,TRUE,"[E|C]","0.83021697830217","Samples_019","BIOTIC"
"[b]35",0,NA,0.00459090910177062,FALSE,"[E:C]","NA","Samples_019","BIOTIC"
"[c] = X2|X135",1,NA,-0.00844298634254348,TRUE,"[C|E]","0.933306669333067","Samples_019","BIOTIC"
"[d] = Residuals35",NA,NA,1.01195607776152,FALSE,"Residuals","NA","Samples_019","BIOTIC"
"[a+b] = X136",1,0.231204669411952,0.221473082948812,TRUE,"[E|C+E:C]","9.99900009999e-05","Samples_020","BIOTIC"
"[b+c] = X236",1,0.194669656791724,0.184475601814404,TRUE,"[E:C+C|E]","0.0001999800019998","Samples_020","BIOTIC"
"[a+b+c] = X1+X236",2,0.259542368950357,0.24055627584652,TRUE,"[E|C+E:C+C|E]","9.99900009999e-05","Samples_020","BIOTIC"
"[a] = X1|X236",1,NA,0.0560806740321164,TRUE,"[E|C]","0.0101989801019898","Samples_020","BIOTIC"
"[b]36",0,NA,0.165392408916695,FALSE,"[E:C]","NA","Samples_020","BIOTIC"
"[c] = X2|X136",1,NA,0.0190831928977083,TRUE,"[C|E]","0.0873912608739126","Samples_020","BIOTIC"
"[d] = Residuals36",NA,NA,0.75944372415348,FALSE,"Residuals","NA","Samples_020","BIOTIC"
"[a+b] = X137",1,0.204871872939771,0.203363090914989,TRUE,"[E|C+E:C]","9.99900009999e-05","Samples_023","BIOTIC"
"[b+c] = X237",1,0.144164286514853,0.142540309828923,TRUE,"[E:C+C|E]","9.99900009999e-05","Samples_023","BIOTIC"
"[a+b+c] = X1+X237",2,0.227032250026346,0.224093209151922,TRUE,"[E|C+E:C+C|E]","9.99900009999e-05","Samples_023","BIOTIC"
"[a] = X1|X237",1,NA,0.0815528993229994,TRUE,"[E|C]","9.99900009999e-05","Samples_023","BIOTIC"
"[b]37",0,NA,0.121810191591989,FALSE,"[E:C]","NA","Samples_023","BIOTIC"
"[c] = X2|X137",1,NA,0.020730118236933,TRUE,"[C|E]","9.99900009999e-05","Samples_023","BIOTIC"
"[d] = Residuals37",NA,NA,0.775906790848078,FALSE,"Residuals","NA","Samples_023","BIOTIC"
"[a+b] = X138",1,0.0821099398815665,0.08063660110128,TRUE,"[E|C+E:C]","9.99900009999e-05","Samples_024","BIOTIC"
"[b+c] = X238",1,0.113075431210809,0.111651796268933,TRUE,"[E:C+C|E]","9.99900009999e-05","Samples_024","BIOTIC"
"[a+b+c] = X1+X238",2,0.120485564031006,0.117657543336572,TRUE,"[E|C+E:C+C|E]","9.99900009999e-05","Samples_024","BIOTIC"
"[a] = X1|X238",1,NA,0.00600574706763923,TRUE,"[E|C]","0.0237976202379762","Samples_024","BIOTIC"
"[b]38",0,NA,0.0746308540336408,FALSE,"[E:C]","NA","Samples_024","BIOTIC"
"[c] = X2|X138",1,NA,0.0370209422352918,TRUE,"[C|E]","9.99900009999e-05","Samples_024","BIOTIC"
"[d] = Residuals38",NA,NA,0.882342456663428,FALSE,"Residuals","NA","Samples_024","BIOTIC"
"[a+b] = X139",1,0.130829992316044,0.129434855867113,TRUE,"[E|C+E:C]","9.99900009999e-05","Samples_025","BIOTIC"
"[b+c] = X239",1,0.116467532164336,0.115049342007297,TRUE,"[E:C+C|E]","9.99900009999e-05","Samples_025","BIOTIC"
"[a+b+c] = X1+X239",2,0.148692883337085,0.145955561418554,TRUE,"[E|C+E:C+C|E]","9.99900009999e-05","Samples_025","BIOTIC"
"[a] = X1|X239",1,NA,0.0309062194112576,TRUE,"[E|C]","9.99900009999e-05","Samples_025","BIOTIC"
"[b]39",0,NA,0.0985286364558555,FALSE,"[E:C]","NA","Samples_025","BIOTIC"
"[c] = X2|X139",1,NA,0.0165207055514413,TRUE,"[C|E]","0.0003999600039996","Samples_025","BIOTIC"
"[d] = Residuals39",NA,NA,0.854044438581446,FALSE,"Residuals","NA","Samples_025","BIOTIC"
"[a+b] = X140",1,0.537937925921705,0.517848270526996,TRUE,"[E|C+E:C]","9.99900009999e-05","Samples_STUDY006","CHEMICAL"
"[b+c] = X240",1,0.228507693923321,0.194964550180857,TRUE,"[E:C+C|E]","0.015998400159984","Samples_STUDY006","CHEMICAL"
"[a+b+c] = X1+X240",2,0.56750647799803,0.52818888508876,TRUE,"[E|C+E:C+C|E]","0.0005999400059994","Samples_STUDY006","CHEMICAL"
"[a] = X1|X240",1,NA,0.333224334907903,TRUE,"[E|C]","0.0006999300069993","Samples_STUDY006","CHEMICAL"
"[b]40",0,NA,0.184623935619093,FALSE,"[E:C]","NA","Samples_STUDY006","CHEMICAL"
"[c] = X2|X140",1,NA,0.0103406145617634,TRUE,"[C|E]","0.227577242275772","Samples_STUDY006","CHEMICAL"
"[d] = Residuals40",NA,NA,0.47181111491124,FALSE,"Residuals","NA","Samples_STUDY006","CHEMICAL"
"[a+b] = X141",1,0.132426997231856,0.123574211489324,TRUE,"[E|C+E:C]","0.0002999700029997","Samples_009_azacytidine","CHEMICAL"
"[b+c] = X241",1,0.141044533559087,0.13227968186071,TRUE,"[E:C+C|E]","0.0001999800019998","Samples_009_azacytidine","CHEMICAL"
"[a+b+c] = X1+X241",2,0.152433808546328,0.134958216969963,TRUE,"[E|C+E:C+C|E]","0.0003999600039996","Samples_009_azacytidine","CHEMICAL"
"[a] = X1|X241",1,NA,0.00267853510925276,TRUE,"[E|C]","0.257974202579742","Samples_009_azacytidine","CHEMICAL"
"[b]41",0,NA,0.120895676380071,FALSE,"[E:C]","NA","Samples_009_azacytidine","CHEMICAL"
"[c] = X2|X141",1,NA,0.011384005480639,TRUE,"[C|E]","0.132586741325867","Samples_009_azacytidine","CHEMICAL"
"[d] = Residuals41",NA,NA,0.865041783030037,FALSE,"Residuals","NA","Samples_009_azacytidine","CHEMICAL"
"[a+b] = X142",1,0.13266170707366,0.125373149990246,TRUE,"[E|C+E:C]","9.99900009999e-05","Samples_009_herbivory","CHEMICAL"
"[b+c] = X242",1,0.0951073212067386,0.0875031810488121,TRUE,"[E:C+C|E]","0.0006999300069993","Samples_009_herbivory","CHEMICAL"
"[a+b+c] = X1+X242",2,0.133383486674614,0.118695071194523,TRUE,"[E|C+E:C+C|E]","0.0002999700029997","Samples_009_herbivory","CHEMICAL"
"[a] = X1|X242",1,NA,0.0311918901457108,TRUE,"[E|C]","0.0252974702529747","Samples_009_herbivory","CHEMICAL"
"[b]42",0,NA,0.0941812598445351,FALSE,"[E:C]","NA","Samples_009_herbivory","CHEMICAL"
"[c] = X2|X142",1,NA,-0.00667807879572302,TRUE,"[C|E]","0.748225177482252","Samples_009_herbivory","CHEMICAL"
"[d] = Residuals42",NA,NA,0.881304928805477,FALSE,"Residuals","NA","Samples_009_herbivory","CHEMICAL"
"[a+b] = X143",1,0.112526324044831,0.112197873387556,TRUE,"[E|C+E:C]","9.99900009999e-05","Samples_011","CHEMICAL"
"[b+c] = X243",1,0.0300753101770386,0.0297163447107828,TRUE,"[E:C+C|E]","9.99900009999e-05","Samples_011","CHEMICAL"
"[a+b+c] = X1+X243",2,0.112808266554658,0.112151330802384,TRUE,"[E|C+E:C+C|E]","9.99900009999e-05","Samples_011","CHEMICAL"
"[a] = X1|X243",1,NA,0.0824349860916016,TRUE,"[E|C]","9.99900009999e-05","Samples_011","CHEMICAL"
"[b]43",0,NA,0.0297628872959547,FALSE,"[E:C]","NA","Samples_011","CHEMICAL"
"[c] = X2|X143",1,NA,-4.65425851718937e-05,TRUE,"[C|E]","0.353564643535646","Samples_011","CHEMICAL"
"[d] = Residuals43",NA,NA,0.887848669197616,FALSE,"Residuals","NA","Samples_011","CHEMICAL"
"[a+b] = X144",1,0.213253083417644,0.179046695740151,TRUE,"[E|C+E:C]","0.0231976802319768","Samples_012","CHEMICAL"
"[b+c] = X244",1,0.16518104037616,0.128884563870776,TRUE,"[E:C+C|E]","0.0417958204179582","Samples_012","CHEMICAL"
"[a+b+c] = X1+X244",2,0.279586851774584,0.214094747390456,TRUE,"[E|C+E:C+C|E]","0.0265973402659734","Samples_012","CHEMICAL"
"[a] = X1|X244",1,NA,0.0852101835196802,TRUE,"[E|C]","0.0791920807919208","Samples_012","CHEMICAL"
"[b]44",0,NA,0.0938365122204703,FALSE,"[E:C]","NA","Samples_012","CHEMICAL"
"[c] = X2|X144",1,NA,0.0350480516503054,TRUE,"[C|E]","0.178182181781822","Samples_012","CHEMICAL"
"[d] = Residuals44",NA,NA,0.785905252609544,FALSE,"Residuals","NA","Samples_012","CHEMICAL"
"[a+b] = X145",1,0.0302180382211949,0.0145763936763754,TRUE,"[E|C+E:C]","0.167983201679832","Samples_017","CHEMICAL"
"[b+c] = X245",1,0.0836023064913895,0.0688216985315733,TRUE,"[E:C+C|E]","0.0208979102089791","Samples_017","CHEMICAL"
"[a+b+c] = X1+X245",2,0.0942426755175667,0.0645457140591263,TRUE,"[E|C+E:C+C|E]","0.0467953204679532","Samples_017","CHEMICAL"
"[a] = X1|X245",1,NA,-0.00427598447244693,TRUE,"[E|C]","0.406959304069593","Samples_017","CHEMICAL"
"[b]45",0,NA,0.0188523781488223,FALSE,"[E:C]","NA","Samples_017","CHEMICAL"
"[c] = X2|X145",1,NA,0.0499693203827509,TRUE,"[C|E]","0.0381961803819618","Samples_017","CHEMICAL"
"[d] = Residuals45",NA,NA,0.935454285940874,FALSE,"Residuals","NA","Samples_017","CHEMICAL"
"[a+b] = X146",1,0.0732503716939442,0.0583027970438464,TRUE,"[E|C+E:C]","0.0295970402959704","Samples_021","CHEMICAL"
"[b+c] = X246",1,0.0939622135107487,0.0793487008254382,TRUE,"[E:C+C|E]","0.0136986301369863","Samples_021","CHEMICAL"
"[a+b+c] = X1+X246",2,0.100333059798929,0.0708357830710249,TRUE,"[E|C+E:C+C|E]","0.0393960603939606","Samples_021","CHEMICAL"
"[a] = X1|X246",1,NA,-0.00851291775441332,TRUE,"[E|C]","0.512148785121488","Samples_021","CHEMICAL"
"[b]46",0,NA,0.0668157147982598,FALSE,"[E:C]","NA","Samples_021","CHEMICAL"
"[c] = X2|X146",1,NA,0.0125329860271784,TRUE,"[C|E]","0.182681731826817","Samples_021","CHEMICAL"
"[d] = Residuals46",NA,NA,0.929164216928975,FALSE,"Residuals","NA","Samples_021","CHEMICAL"
